<!-- Evaluate-STIG Preferences -->
<Preferences>
  <EvaluateSTIG>
    <!--*************************************************************************************
    The following Evaluate-STIG parameters may be configured to customize your scan.
    Any parameter called out on the command line will override the same parameter configured
    here.
    **************************************************************************************-->
    <ScanType>Unclassified</ScanType>    <!--"Unclassified" or "Classified". [default: "Unclassified"]-->
    <Marking></Marking>    <!--Text to add to Marking field in STIG Viewer. [default: blank]-->
    <VulnTimeout>15</VulnTimeout>    <!--Maximum time in minutes to allow a single check to run. [default: "15"]-->
    <AnswerKey>DEFAULT</AnswerKey>    <!--Answer Key to use from answer files [default: "DEFAULT"]-->
    <AFPath></AFPath>    <!--Alternate path to search for answer files. [default: blank]-->
    <OutputPath></OutputPath>    <!--Alternate path to save results. [default: blank]-->
    <ExcludeSTIG></ExcludeSTIG>    <!--Shortname(s) of STIGs to exclude from scan. Use comma separation to specify multple. [default: blank]-->
    <ExcludeVuln></ExcludeVuln>    <!--Vuln IDs (V-1234 format) to exclude from scan. [default: blank]-->
    <GenerateOQE>false</GenerateOQE>    <!--"true" or "false". [default: "false"]-->
    <CombinedCKL>false</CombinedCKL>    <!--"true" or "false". Cannot be used with <STIGManager>. [default: "false"]-->
    <STIGManager>false</STIGManager>    <!--"true" or "false". Cannot be used with <CombinedCKL>. [default: "false"]-->
    <SMCollection></SMCollection>    <!--STIG Manager Collection name to use from STIGManager section in this file. [default: blank]-->
    <KeepCKLs>false</KeepCKLs>    <!--"true" or "false". Requires <CombinedCKL> or <STIGManager>. [default: "false"]-->
    <NoPrevious>false</NoPrevious>    <!--"true" or "false". [default: "false"]-->
    <ApplyTattoo>false</ApplyTattoo>    <!--"true" or "false". [default: "false"]-->
  </EvaluateSTIG>
  <STIGManager>
    <!--*************************************************************************************
    STIG Manager

    https://stig-manager.readthedocs.io/en/latest/index.html
    https://github.com/NUWCDIVNPT/stigman-watcher

    "SMImport" emulates STIGMAN Watcher one-shot functionality

    <SMCollection> Allows for unique SMImport settings based on the scan target. SMImport_API_BASE=             Required. Base URL of the STIG Manager API service SMImport_AUTHORITY=            Required. Base URL of the OIDC authentication service that issues OAuth2 tokens for the API SMImport_CLIENT_ID=            Required. OIDC clientId to authenticate SMImport_CLIENT_CERT=          Required. Filename of PEM encoded public key.  File must exist in Certificates directory SMImport_CLIENT_CERT_KEY=      *Required. Filename of PEM encoded private key.  Required if SMImport_CLIENT_CERT contains both public and private keys. File must exist in Certificates directory SMImport_COLLECTION_ID=        Required. collectionId to manage

    Note that defining SMImport_CLIENT_CERT_KEY will require the use of the '-SMPassphrase' parameter to decrypt the private key.

    EXAMPLE CONFIGURATION BELOW:

    <SMImport_API_BASE>https://my.stig.manager.mil/api</SMImport_API_BASE>
    <SMImport_AUTHORITY>https://my.stig.manager.mil/kc/realms/stigman</SMImport_AUTHORITY>
    <SMImport_COLLECTION Name="DEFAULT">
      <SMImport_CLIENT_ID>evaluate-stig</SMImport_CLIENT_ID>
      <SMImport_CLIENT_CERT>evaluate-stig-crt.pem</SMImport_CLIENT_CERT>
      <SMImport_CLIENT_CERT_KEY>evaluate-stig-key.pem</SMImport_CLIENT_CERT_KEY>
      <SMImport_COLLECTION_ID>1</SMImport_COLLECTION_ID>
    </SMImport_COLLECTION>

    This collection would be used when running either:
    Evaluate-STIG.ps1 -STIGManager -SMCollection DEFAULT
    Evaluate-STIG.ps1 -STIGManager -SMCollection DEFAULT -SMPassphrase "myDecryptionPasswordHere"
    **************************************************************************************-->
    <SMImport_API_BASE></SMImport_API_BASE>
    <SMImport_AUTHORITY></SMImport_AUTHORITY>
    <SMImport_COLLECTION Name="">
      <SMImport_CLIENT_ID></SMImport_CLIENT_ID>
      <SMImport_CLIENT_CERT></SMImport_CLIENT_CERT>
      <SMImport_CLIENT_CERT_KEY></SMImport_CLIENT_CERT_KEY>
      <SMImport_COLLECTION_ID></SMImport_COLLECTION_ID>
    </SMImport_COLLECTION>
  </STIGManager>
  <ManageAnswerFiles>
    <EvaluateSTIG_Results></EvaluateSTIG_Results>
    <AnswerFileDirectory></AnswerFileDirectory>
    <PowerShell_IDE>C:\Windows\system32\WindowsPowerShell\v1.0\PowerShell_ISE.exe</PowerShell_IDE>
  </ManageAnswerFiles>
</Preferences>